{
  "train_loss": [
    2.0631623057758106,
    1.5697954670547525,
    1.4016816829476515,
    1.2913917418940903,
    1.1978585325238649,
    1.1292293745538462,
    1.066945625388104,
    1.0196694289631856,
    0.9652875175561442,
    0.9233861399428619
  ],
  "train_acc": [
    0.23366,
    0.42728,
    0.4942,
    0.5383,
    0.57438,
    0.60014,
    0.62254,
    0.63972,
    0.66174,
    0.67534
  ],
  "test_acc": [
    0.3699,
    0.481,
    0.5201,
    0.5502,
    0.5493,
    0.5895,
    0.6044,
    0.5991,
    0.6057,
    0.6137
  ],
  "animal_test_acc": [
    0.33016666666666666,
    0.41283333333333333,
    0.44916666666666666,
    0.4786666666666667,
    0.4706666666666667,
    0.536,
    0.5485,
    0.5298333333333334,
    0.5371666666666667,
    0.5631666666666667
  ]
}