{
  "train_loss": [
    2.022416291029557,
    1.5559756082037222,
    1.3909336599852422,
    1.2651203288446606,
    1.186441617243735,
    1.1035284742979747,
    1.054884375513667,
    1.0022894046495638,
    0.9585550680489796,
    0.9214626846411039
  ],
  "train_acc": [
    0.2563,
    0.42758,
    0.49816,
    0.5468,
    0.57696,
    0.60874,
    0.62536,
    0.64494,
    0.6601,
    0.67456
  ],
  "test_acc": [
    0.366,
    0.4652,
    0.5318,
    0.5607,
    0.5601,
    0.5971,
    0.6099,
    0.6118,
    0.6123,
    0.6296
  ],
  "animal_test_acc": [
    0.30433333333333334,
    0.41633333333333333,
    0.4811666666666667,
    0.49916666666666665,
    0.492,
    0.5513333333333333,
    0.551,
    0.5611666666666667,
    0.5493333333333333,
    0.5638333333333333
  ]
}